<?xml version="1.0" encoding="utf-8"?>
<ontology name="CallJohnOntology">

  <action name="make_call"/>

  <predicate name="contact_lookup" sort="string"/>
  <predicate name="select_contact" sort="contact_name"/>
  <predicate name="select_number" sort="number_type"/>

  <sort name="contact_name"/>
  <sort name="number_type"/>

  <individual name="contact_john" sort="contact_name"/>
  <individual name="contact_mary" sort="contact_name"/>
  <individual name="contact_andy" sort="contact_name"/>
  <individual name="mobile" sort="number_type"/>
  <individual name="home" sort="number_type"/>
  <individual name="work" sort="number_type"/>


</ontology>
