<?xml version="1.0" encoding="utf-8"?>
<grammar>
  <action name="top">
    <one-of>
      <item>main menu</item>
      <item>top</item>
      <item>beginning</item>
      <item>cancel</item>
      <item>forget it</item>
      <item>never mind</item>
      <item>abort</item>
    </one-of>
  </action>

  <action name="up">
    <one-of>
      <item>up</item>
      <item>back</item>
      <item>go back</item>
    </one-of>
  </action>

  <action name="make_call">
    <one-of>
      <item>call</item>
      <item>make a call</item>
      <item>call <slot predicate="select_contact"/></item>
      <item>call <slot predicate="select_contact"/> <slot predicate="select_number"/></item>  
    </one-of>
  </action>

  <question speaker="user" predicate="contact_lookup" type="wh_question">
    <one-of>
      <item>I want to know a contact's number</item>
      <item>what is <slot predicate="select_contact"/> <slot predicate="select_number"/></item>
      <item>what is <slot predicate="select_contact"/> number</item>
      <item>phone number</item>
    </one-of>
  </question>

  <question speaker="system" predicate="select_contact" type="wh_question">
    Which contact
  </question>

  <question speaker="system" predicate="select_number" type="wh_question">
    Which phone
  </question>

  <question speaker="all" predicate="contact_lookup" type="wh_question">
    <one-of>
      <item>the contact's phone number</item>
    </one-of>
  </question>

  <report action="MakeCall" status="ended">
    Calling <slot predicate="select_contact"/>'s <slot predicate="select_number"/>
  </report>

  <answer speaker="system" predicate="contact_lookup">It's <slot predicate="contact_lookup"/></answer>

  <individual name="mobile">
    <one-of>
      <item>mobile</item>
      <item>mobile phone</item>
      <item>mobile number</item>
    </one-of>
  </individual>

  <individual name="home">
    <one-of>
      <item>home</item>
      <item>home phone</item>
      <item>home number</item>
    </one-of>
  </individual>

  <individual name="work">
    <one-of>
      <item>work</item>
      <item>work phone</item>
      <item>work number</item>
    </one-of>
  </individual>

  <individual name="contact_john">
    <one-of>
      <item>John</item>
      <item>John's</item>
    </one-of>
  </individual>

  <individual name="contact_andy">
    <one-of>
      <item>Andy</item>
      <item>Andy's</item>
    </one-of>
  </individual>

  <individual name="contact_mary">
    <one-of>
      <item>Mary</item>
      <item>Mary's</item>
    </one-of>
  </individual>

  <validity name="PhoneNumberAvailable">
    <slot predicate="select_contact"/> has no phone number
  </validity>

</grammar>
